id,first_name,last_name,email
1,Natale,Kleinstub,nkleinstub0@upenn.edu
2,Allister,Stratz,astratz1@webs.com
3,Darleen,Dyet,ddyet2@bandcamp.com
4,Laney,Barter,lbarter3@instagram.com
5,Lorianne,Hannent,lhannent4@va.gov
6,Karna,Lorking,klorking5@storify.com
7,Sebastiano,Tuxell,stuxell6@weibo.com
8,Grethel,Brazener,gbrazener7@theguardian.com
9,Kliment,Havercroft,khavercroft8@dedecms.com
10,Chan,Dunster,cdunster9@nydailynews.com
11,Gustavus,Webermann,gwebermanna@yolasite.com
12,Gunter,Spinige,gspinigeb@nih.gov
13,Mercedes,Ozintsev,mozintsevc@about.me
14,Roobbie,Harling,rharlingd@oakley.com
15,Timothea,Borne,tbornee@newyorker.com
16,Pennie,Hiskey,phiskeyf@nature.com
17,Harmon,Stuck,hstuckg@usda.gov
18,Ogden,Amps,oampsh@sohu.com
19,Julee,Rihanek,jrihaneki@nih.gov
20,Ferrell,Filyaev,ffilyaevj@blog.com
21,Paul,Segrott,psegrottk@bravesites.com
22,Josepha,Adolthine,jadolthinel@cbsnews.com
23,Camey,L' Anglois,clangloism@senate.gov
24,Seward,Partleton,spartletonn@discuz.net
25,Meir,Dalyell,mdalyello@issuu.com
26,Honoria,Kestian,hkestianp@examiner.com
27,Jedd,Billanie,jbillanieq@ask.com
28,Tommi,Wasmer,twasmerr@privacy.gov.au
29,Kristan,Jeeks,kjeekss@amazon.co.jp
30,Dannel,Patient,dpatientt@adobe.com
31,Rodolfo,Stenning,rstenningu@wufoo.com
32,Benni,O Mullen,bomullenv@friendfeed.com
33,Sharyl,Coll,scollw@arizona.edu
34,Fonsie,Elix,felixx@alibaba.com
35,Martica,Braben,mbrabeny@lulu.com
36,Cornelius,Hender,chenderz@hexun.com
37,Xenos,Janzen,xjanzen10@intel.com
38,Forrest,Pikesley,fpikesley11@canalblog.com
39,Ibbie,Flye,iflye12@sciencedaily.com
40,Koralle,Money,kmoney13@globo.com
41,Domingo,Tomsa,dtomsa14@cnet.com
42,Billi,Leming,bleming15@tamu.edu
43,Clifford,Sparrowhawk,csparrowhawk16@vimeo.com
44,Bearnard,Klass,bklass17@jugem.jp
45,Millisent,Burchess,mburchess18@sbwire.com
46,Chuck,Soffe,csoffe19@zimbio.com
47,Randa,Robjents,rrobjents1a@nyu.edu
48,Eduino,Wallbanks,ewallbanks1b@europa.eu
49,Porty,Bullick,pbullick1c@mayoclinic.com
50,Brucie,Dicty,bdicty1d@topsy.com
51,Tiffanie,Mighele,tmighele1e@ycombinator.com
52,Ransom,Dainty,rdainty1f@google.pl
53,Cissiee,Slamaker,cslamaker1g@pcworld.com
54,Kirbee,McEwen,kmcewen1h@sbwire.com
55,Jeramey,Powdrell,jpowdrell1i@dedecms.com
56,Rowe,Morfield,rmorfield1j@amazon.de
57,Angela,Folshom,afolshom1k@typepad.com
58,Aile,Early,aearly1l@mapy.cz
59,Addie,Bortol,abortol1m@sciencedaily.com
60,Irvine,Spritt,ispritt1n@msu.edu
61,Myrtie,Strowther,mstrowther1o@prweb.com
62,Faustine,Found,ffound1p@desdev.cn
63,Darya,McGarva,dmcgarva1q@globo.com
64,Trenna,Ryam,tryam1r@moonfruit.com
65,Maren,Taggerty,mtaggerty1s@ustream.tv
66,Celene,Djurkovic,cdjurkovic1t@creativecommons.org
67,Walther,Erswell,werswell1u@cdbaby.com
68,Sada,Aspenlon,saspenlon1v@lycos.com
69,Ad,Sher,asher1w@yolasite.com
70,Cal,Sigart,csigart1x@cocolog-nifty.com
71,Thedrick,Rikkard,trikkard1y@4shared.com
72,Gustave,Pennycord,gpennycord1z@desdev.cn
73,Benson,Bocke,bbocke20@tinypic.com
74,Cele,Alsopp,calsopp21@storify.com
75,Vinita,Rickword,vrickword22@webs.com
76,Nicoline,Zimmermanns,nzimmermanns23@scribd.com
77,Livia,Gabbitas,lgabbitas24@indiatimes.com
78,Friederike,Catley,fcatley25@hud.gov
79,Christi,Wildin,cwildin26@java.com
80,Pepita,Cornner,pcornner27@google.co.uk
81,Solly,Petschel,spetschel28@washington.edu
82,Freddy,Casacchia,fcasacchia29@ed.gov
83,Hadrian,Rohlfing,hrohlfing2a@gravatar.com
84,Hilary,Sharman,hsharman2b@accuweather.com
85,Judie,Giller,jgiller2c@state.gov
86,Carlita,Abbay,cabbay2d@angelfire.com
87,Maryanna,Althrope,malthrope2e@washington.edu
88,Batsheva,Gatlin,bgatlin2f@irs.gov
89,Stephie,Aneley,saneley2g@npr.org
90,Pavlov,Grimme,pgrimme2h@oracle.com
91,Sandro,Doyle,sdoyle2i@dailymotion.com
92,Daffie,Amor,damor2j@a8.net
93,Tallulah,Morland,tmorland2k@purevolume.com
94,Nonah,Millery,nmillery2l@adobe.com
95,Roanna,Drable,rdrable2m@facebook.com
96,Bran,Johnsey,bjohnsey2n@cdbaby.com
97,Jackson,Geillier,jgeillier2o@nymag.com
98,Bird,Iredale,biredale2p@shop-pro.jp
99,Beltran,Crassweller,bcrassweller2q@nps.gov
100,Tabb,Josephi,tjosephi2r@cbc.ca
101,Alicia,Stutter,astutter2s@behance.net
102,Matteo,Dober,mdober2t@npr.org
103,Judi,Nellis,jnellis2u@nationalgeographic.com
104,Masha,Verrill,mverrill2v@smh.com.au
105,Zita,Taill,ztaill2w@slashdot.org
106,Griffin,Whitney,gwhitney2x@imgur.com
107,Corabelle,Philipet,cphilipet2y@timesonline.co.uk
108,Kendre,Sayle,ksayle2z@si.edu
109,Suzie,Damper,sdamper30@wikimedia.org
110,Brittan,Cockcroft,bcockcroft31@nationalgeographic.com
111,Lorelei,Tivers,ltivers32@rambler.ru
112,Ellie,Bills,ebills33@newsvine.com
113,Eada,Gleaves,egleaves34@github.com
114,Jessie,Megson,jmegson35@cloudflare.com
115,Amara,Bouskill,abouskill36@scribd.com
116,Alyda,Fairrie,afairrie37@yahoo.com
117,Shaw,Strand,sstrand38@phpbb.com
118,Avrom,MacCauley,amaccauley39@fc2.com
119,Nari,Kenneford,nkenneford3a@newsvine.com
120,Jozef,Kerton,jkerton3b@posterous.com
121,Dorita,Jupp,djupp3c@wikia.com
122,Lee,Wilford,lwilford3d@cnet.com
123,Ebonee,Dolligon,edolligon3e@seesaa.net
124,Robinette,Larkcum,rlarkcum3f@flavors.me
125,Olimpia,Cuddehay,ocuddehay3g@hexun.com
126,Raymund,Sallter,rsallter3h@live.com
127,Cully,Imeson,cimeson3i@webnode.com
128,Dollie,Monteath,dmonteath3j@dion.ne.jp
129,Emmery,Holyard,eholyard3k@blinklist.com
130,Lanni,Ince,lince3l@usnews.com
131,Sara,Gouinlock,sgouinlock3m@comsenz.com
132,Merry,Jackes,mjackes3n@bigcartel.com
133,Mauricio,Braisted,mbraisted3o@dot.gov
134,Sile,McIlreavy,smcilreavy3p@noaa.gov
135,Moise,Brownsell,mbrownsell3q@drupal.org
136,Caldwell,Beinisch,cbeinisch3r@meetup.com
137,Blinni,Tregido,btregido3s@i2i.jp
138,Aile,Plumridge,aplumridge3t@nbcnews.com
139,Dav,Blowfelde,dblowfelde3u@weather.com
140,Karlie,Akaster,kakaster3v@arizona.edu
141,Geri,Cluely,gcluely3w@mit.edu
142,Elenore,Hagstone,ehagstone3x@earthlink.net
143,Dara,Vouls,dvouls3y@nature.com
144,Nikaniki,Hamlington,nhamlington3z@toplist.cz
145,Sorcha,Brunskill,sbrunskill40@mtv.com
146,Rodney,Chaimson,rchaimson41@merriam-webster.com
147,Ingelbert,Mee,imee42@redcross.org
148,Bartolemo,Minney,bminney43@ihg.com
149,Oates,Nacci,onacci44@wsj.com
150,Andria,Mendonca,amendonca45@networksolutions.com
151,Drucill,Pomphrey,dpomphrey46@craigslist.org
152,Kandace,Oganesian,koganesian47@statcounter.com
153,Bobbe,Ewin,bewin48@google.es
154,Bernete,Wheater,bwheater49@oracle.com
155,Web,Farragher,wfarragher4a@smugmug.com
156,Ulberto,Garbett,ugarbett4b@typepad.com
157,Glenda,Kohrsen,gkohrsen4c@webs.com
158,Kellen,Gromley,kgromley4d@youtube.com
159,Dmitri,Treamayne,dtreamayne4e@bigcartel.com
160,Mata,Karpets,mkarpets4f@xinhuanet.com
161,Burty,Leftbridge,bleftbridge4g@fc2.com
162,Wanda,Tweedy,wtweedy4h@wikipedia.org
163,Myrna,Ottewell,mottewell4i@msn.com
164,Aubrette,Nairne,anairne4j@so-net.ne.jp
165,Brinn,Emerson,bemerson4k@unesco.org
166,Lorenzo,Kleszinski,lkleszinski4l@npr.org
167,Derrek,Gasparro,dgasparro4m@admin.ch
168,Henrik,Steeples,hsteeples4n@who.int
169,Carmelle,Doswell,cdoswell4o@nhs.uk
170,Annemarie,Worsom,aworsom4p@google.de
171,Kalinda,Ashlee,kashlee4q@stanford.edu
172,Jared,Ivell,jivell4r@github.com
173,Binky,Attersoll,battersoll4s@delicious.com
174,Cyndie,Romanelli,cromanelli4t@princeton.edu
175,Cariotta,Hancorn,chancorn4u@webmd.com
176,Fidelia,Ronnay,fronnay4v@slashdot.org
177,Matty,Grahlman,mgrahlman4w@hugedomains.com
178,Elora,Bowling,ebowling4x@cocolog-nifty.com
179,Pall,Simoncini,psimoncini4y@ed.gov
180,Darcey,Mateus,dmateus4z@bloglines.com
181,Gwyn,Garling,ggarling50@surveymonkey.com
182,Dall,Elwyn,delwyn51@discuz.net
183,Shea,Roskelley,sroskelley52@techcrunch.com
184,Sansone,Curnick,scurnick53@cnn.com
185,Fedora,Leipnik,fleipnik54@irs.gov
186,Sharai,Morling,smorling55@ycombinator.com
187,Misty,Kibbe,mkibbe56@myspace.com
188,Sigmund,Teape,steape57@google.pl
189,Stormi,Lanaway,slanaway58@ovh.net
190,Tobe,Marklew,tmarklew59@fc2.com
191,Easter,Woolfenden,ewoolfenden5a@canalblog.com
192,Siffre,Adshede,sadshede5b@businessinsider.com
193,Aurlie,Squire,asquire5c@addthis.com
194,Barney,Bleasby,bbleasby5d@purevolume.com
195,Troy,Govinlock,tgovinlock5e@smugmug.com
196,Gustav,Aven,gaven5f@canalblog.com
197,Paloma,Gainsford,pgainsford5g@cnbc.com
198,Adara,Tailby,atailby5h@csmonitor.com
199,Shantee,Spellacy,sspellacy5i@vinaora.com
200,Tallia,Abadam,tabadam5j@yelp.com
201,Dorolice,Jewis,djewis5k@chron.com
202,Shanna,Pfleger,spfleger5l@fotki.com
203,Barbra,Goforth,bgoforth5m@auda.org.au
204,Timothea,Chant,tchant5n@vimeo.com
205,Mathilde,Hebard,mhebard5o@google.com.br
206,Brenna,Coping,bcoping5p@mac.com
207,Kathryn,Gelsthorpe,kgelsthorpe5q@about.com
208,Lucho,Giveen,lgiveen5r@npr.org
209,Deidre,Patrono,dpatrono5s@google.co.uk
210,Currey,Chiddy,cchiddy5t@123-reg.co.uk
211,Addie,Hummerston,ahummerston5u@hao123.com
212,Bernardina,Grimble,bgrimble5v@vistaprint.com
213,Randie,Guyan,rguyan5w@jigsy.com
214,Gary,Massei,gmassei5x@sun.com
215,Sarene,Kase,skase5y@msn.com
216,Brig,Morican,bmorican5z@washington.edu
217,Catherin,Gammill,cgammill60@wired.com
218,Bobbie,Griffitts,bgriffitts61@mlb.com
219,Zach,Litchmore,zlitchmore62@sciencedirect.com
220,Catlin,St Louis,cstlouis63@cbslocal.com
221,Clevie,McGirl,cmcgirl64@ehow.com
222,Selby,Krysiak,skrysiak65@w3.org
223,Caril,Steger,csteger66@nba.com
224,Joel,Raddenbury,jraddenbury67@wisc.edu
225,Jakie,Reeves,jreeves68@blogtalkradio.com
226,Ronica,McKeran,rmckeran69@imageshack.us
227,Agnes,Earngy,aearngy6a@shareasale.com
228,Talya,O'Kieran,tokieran6b@newsvine.com
229,Hermia,Screach,hscreach6c@webnode.com
230,Hallsy,Smalley,hsmalley6d@hibu.com
231,Alex,Band,aband6e@artisteer.com
232,Nicolis,Sulman,nsulman6f@mac.com
233,Elliott,Burndred,eburndred6g@senate.gov
234,Jenna,Dargie,jdargie6h@stumbleupon.com
235,Bourke,Tabb,btabb6i@tamu.edu
236,Trish,Thunderchief,tthunderchief6j@eventbrite.com
237,Flossie,Joselin,fjoselin6k@tuttocitta.it
238,Ronald,Tunnicliffe,rtunnicliffe6l@thetimes.co.uk
239,Ivette,Brasier,ibrasier6m@bravesites.com
240,Marin,Buckland,mbuckland6n@scientificamerican.com
241,Ardene,Ellyatt,aellyatt6o@webnode.com
242,Lauri,Cullinan,lcullinan6p@telegraph.co.uk
243,Ermengarde,Coaten,ecoaten6q@accuweather.com
244,Thayne,Woollhead,twoollhead6r@mapy.cz
245,Sella,Sprake,ssprake6s@github.io
246,Eulalie,Boorne,eboorne6t@phoca.cz
247,Kassandra,Ivermee,kivermee6u@engadget.com
248,Richy,Eberdt,reberdt6v@taobao.com
249,Ag,Cornill,acornill6w@ycombinator.com
250,Johnnie,Mutter,jmutter6x@storify.com
251,Mariquilla,Brea,mbrea6y@netscape.com
252,Melinde,Davenell,mdavenell6z@newyorker.com
253,Lillian,de Wilde,ldewilde70@nsw.gov.au
254,Carine,Standell,cstandell71@mozilla.org
255,Annecorinne,Cronin,acronin72@blinklist.com
256,Gregor,Gundry,ggundry73@foxnews.com
257,Fairlie,De Francesco,fdefrancesco74@about.com
258,Glenna,Climance,gclimance75@amazon.co.uk
259,Adair,Kmietsch,akmietsch76@trellian.com
260,Regan,Scripps,rscripps77@posterous.com
261,Karoly,Worster,kworster78@stanford.edu
262,Sarah,Dumphy,sdumphy79@sbwire.com
263,Hilda,Kelk,hkelk7a@uiuc.edu
264,Ferrell,Hembling,fhembling7b@stumbleupon.com
265,Vita,Adamson,vadamson7c@sciencedaily.com
266,Norman,Corteis,ncorteis7d@comsenz.com
267,Alecia,Aldersea,aaldersea7e@icio.us
268,Harold,Avrahamian,havrahamian7f@tuttocitta.it
269,Berget,Sterley,bsterley7g@nifty.com
270,Carl,Gommey,cgommey7h@sciencedaily.com
271,Gui,Gabler,ggabler7i@google.com.hk
272,Errick,Bautiste,ebautiste7j@accuweather.com
273,Rodie,Whaley,rwhaley7k@alexa.com
274,Harry,Noli,hnoli7l@dailymail.co.uk
275,Stesha,Dickons,sdickons7m@theatlantic.com
276,Curt,Frede,cfrede7n@weather.com
277,Scottie,Brunet,sbrunet7o@marriott.com
278,Pierre,By,pby7p@topsy.com
279,Egbert,McKenna,emckenna7q@woothemes.com
280,Tamarra,Maior,tmaior7r@people.com.cn
281,Marielle,Adriano,madriano7s@zimbio.com
282,Art,Dallmann,adallmann7t@goo.gl
283,Jeanette,Leming,jleming7u@pagesperso-orange.fr
284,Star,Witherow,switherow7v@census.gov
285,Jerrilyn,Burgwin,jburgwin7w@last.fm
286,Stepha,Watts,swatts7x@japanpost.jp
287,Kakalina,Tour,ktour7y@ask.com
288,Gladys,Wickerson,gwickerson7z@uiuc.edu
289,Row,Caberas,rcaberas80@fema.gov
290,Kassie,Dowsett,kdowsett81@reverbnation.com
291,Swen,Christophle,schristophle82@wunderground.com
292,Skippie,Divers,sdivers83@webnode.com
293,Goldy,Higounet,ghigounet84@alexa.com
294,Melitta,Cullerne,mcullerne85@nifty.com
295,Murial,Beidebeke,mbeidebeke86@adobe.com
296,Dora,Longo,dlongo87@addtoany.com
297,Zaccaria,Bowerman,zbowerman88@jigsy.com
298,Tomasine,Merrell,tmerrell89@qq.com
299,Neilla,Dimmack,ndimmack8a@fc2.com
300,Moyra,Temlett,mtemlett8b@answers.com
301,Chelsy,Dumbar,cdumbar8c@fema.gov
302,Maureen,Glanister,mglanister8d@google.com
303,Sauveur,Jedrzej,sjedrzej8e@utexas.edu
304,Gordon,Dibdall,gdibdall8f@angelfire.com
305,Clemence,Riguard,criguard8g@bloglines.com
306,Conny,Danilewicz,cdanilewicz8h@cloudflare.com
307,Amy,Rodder,arodder8i@ebay.com
308,Jeremy,McMonnies,jmcmonnies8j@cpanel.net
309,Tull,Woolmington,twoolmington8k@wix.com
310,Barret,Blazynski,bblazynski8l@usgs.gov
311,Eben,Schrinel,eschrinel8m@blogs.com
312,Gregorius,Coldicott,gcoldicott8n@pbs.org
313,Sheryl,Hugonnet,shugonnet8o@github.com
314,Carly,Bohler,cbohler8p@ebay.com
315,Kearney,Godbald,kgodbald8q@upenn.edu
316,Claudetta,Greneham,cgreneham8r@domainmarket.com
317,Beaufort,Imms,bimms8s@jalbum.net
318,Brian,Stell,bstell8t@histats.com
319,Annice,Schollick,aschollick8u@forbes.com
320,Timmy,Snalom,tsnalom8v@liveinternet.ru
321,Marcile,Gifkins,mgifkins8w@smugmug.com
322,Vinnie,Carnock,vcarnock8x@state.tx.us
323,Shirline,Jost,sjost8y@cyberchimps.com
324,Nolie,Guppey,nguppey8z@alibaba.com
325,Hyacinthie,Capozzi,hcapozzi90@intel.com
326,Konstance,Swanbourne,kswanbourne91@domainmarket.com
327,Jed,Funnell,jfunnell92@printfriendly.com
328,Prentiss,Prestedge,pprestedge93@usda.gov
329,Sonnie,Rettie,srettie94@newsvine.com
330,Harmon,Ondrasek,hondrasek95@youtube.com
331,Hermia,Moylan,hmoylan96@jalbum.net
332,Ferguson,Cairns,fcairns97@bigcartel.com
333,Lea,Petrushanko,lpetrushanko98@artisteer.com
334,Laina,McKeown,lmckeown99@google.it
335,Livvy,Mattack,lmattack9a@marriott.com
336,Knox,Adamsson,kadamsson9b@cornell.edu
337,Davis,Scaddon,dscaddon9c@booking.com
338,Minette,Kayser,mkayser9d@chron.com
339,Sandra,Todaro,stodaro9e@amazon.com
340,Tandie,Kenwyn,tkenwyn9f@behance.net
341,Gianina,McCarrison,gmccarrison9g@ted.com
342,Vite,Florence,vflorence9h@businessweek.com
343,Rogerio,Tolossi,rtolossi9i@unc.edu
344,Jacquelynn,Bristo,jbristo9j@house.gov
345,Kevin,Chilcott,kchilcott9k@bloglovin.com
346,Tom,Bergstram,tbergstram9l@flickr.com
347,Allys,Buddell,abuddell9m@clickbank.net
348,Ema,Hilhouse,ehilhouse9n@goo.gl
349,Correna,Larvin,clarvin9o@tinypic.com
350,Merci,Olczak,molczak9p@nifty.com
351,Zebedee,Agass,zagass9q@zimbio.com
352,Earlie,Polin,epolin9r@sciencedaily.com
353,Kristoffer,Chippindale,kchippindale9s@washingtonpost.com
354,Pedro,Dottridge,pdottridge9t@bluehost.com
355,Modestia,Yantsev,myantsev9u@comcast.net
356,Linell,Towriss,ltowriss9v@amazon.de
357,Latisha,Rutter,lrutter9w@rakuten.co.jp
358,Pierson,Chevalier,pchevalier9x@army.mil
359,Leslie,Fullstone,lfullstone9y@arstechnica.com
360,Micki,Yushkov,myushkov9z@usa.gov
361,Charles,Judron,cjudrona0@samsung.com
362,Isabelle,Brockington,ibrockingtona1@boston.com
363,Tobie,Casbolt,tcasbolta2@ebay.com
364,Belle,Benda,bbendaa3@imdb.com
365,Vevay,Kinnerk,vkinnerka4@nih.gov
366,Brendin,Connochie,bconnochiea5@clickbank.net
367,Hernando,Larose,hlarosea6@ning.com
368,Abdel,Gatrell,agatrella7@geocities.com
369,Yardley,Benyan,ybenyana8@nba.com
370,Jedidiah,Poge,jpogea9@wix.com
371,Helli,Wolland,hwollandaa@1und1.de
372,Abran,Sharma,asharmaab@cornell.edu
373,Delmar,Matt,dmattac@squarespace.com
374,Glenda,Whisby,gwhisbyad@php.net
375,Bary,Weatherill,bweatherillae@multiply.com
376,Malory,Ropert,mropertaf@storify.com
377,Ilyssa,Lamp,ilampag@biglobe.ne.jp
378,Edwina,Kitchiner,ekitchinerah@is.gd
379,Constanta,Geertje,cgeertjeai@usnews.com
380,Frank,Gorelli,fgorelliaj@vinaora.com
381,Gustavo,Hew,ghewak@is.gd
382,Rice,Vargas,rvargasal@example.com
383,Arne,Ondrak,aondrakam@clickbank.net
384,Elliott,Cubbino,ecubbinoan@irs.gov
385,Darill,Eskrigge,deskriggeao@pbs.org
386,Jeromy,Spry,jspryap@imgur.com
387,Torre,Daunter,tdaunteraq@de.vu
388,Appolonia,Benjafield,abenjafieldar@theglobeandmail.com
389,Bertie,Marconi,bmarconias@woothemes.com
390,Ram,Cana,rcanaat@t.co
391,Vicki,Bustard,vbustardau@t.co
392,Clare,Bahike,cbahikeav@hao123.com
393,Isacco,Pettitt,ipettittaw@digg.com
394,Izabel,Elford,ielfordax@etsy.com
395,Cristobal,Purkess,cpurkessay@blogger.com
396,Orel,Moulder,omoulderaz@army.mil
397,Mirabella,Silvester,msilvesterb0@fc2.com
398,Putnam,Bointon,pbointonb1@behance.net
399,Tiffy,Kynaston,tkynastonb2@people.com.cn
400,Cathrin,Lehrian,clehrianb3@buzzfeed.com
401,Deeann,Peacocke,dpeacockeb4@slideshare.net
402,Shaun,Quantick,squantickb5@skyrock.com
403,Ruy,Tullis,rtullisb6@xrea.com
404,Celie,Henrionot,chenrionotb7@go.com
405,Linnie,Hay,lhayb8@google.cn
406,Edin,Dael,edaelb9@elegantthemes.com
407,Skip,Alexsandrowicz,salexsandrowiczba@hc360.com
408,Danette,Raithmill,draithmillbb@sphinn.com
409,Norby,Edgson,nedgsonbc@shinystat.com
410,Tara,Harbottle,tharbottlebd@gnu.org
411,Sallee,Sprake,ssprakebe@bloglovin.com
412,Sunny,Andreu,sandreubf@example.com
413,Giacobo,Klais,gklaisbg@xing.com
414,Abey,Bottleson,abottlesonbh@parallels.com
415,Fransisco,Gaine,fgainebi@nhs.uk
416,Jessalyn,Turfitt,jturfittbj@google.ca
417,Zuzana,Phippard,zphippardbk@dell.com
418,Vinny,Bainbrigge,vbainbriggebl@simplemachines.org
419,Godfry,Abeles,gabelesbm@sbwire.com
420,Alan,Harsant,aharsantbn@gnu.org
421,Mala,Cato,mcatobo@unicef.org
422,Maddalena,Koopman,mkoopmanbp@patch.com
423,Ida,Brunn,ibrunnbq@skyrock.com
424,Wittie,Dutnall,wdutnallbr@sbwire.com
425,Merrill,Alenichev,malenichevbs@dailymotion.com
426,Erin,Kovelmann,ekovelmannbt@senate.gov
427,Brenn,Hackney,bhackneybu@twitpic.com
428,Gregory,Essel,gesselbv@tinypic.com
429,Nickie,Lemerie,nlemeriebw@meetup.com
430,Jade,M'Chirrie,jmchirriebx@deliciousdays.com
431,Hurlee,Tatham,htathamby@microsoft.com
432,Rayner,Ozintsev,rozintsevbz@moonfruit.com
433,Fleming,Limbrick,flimbrickc0@dailymail.co.uk
434,Alison,Jacklin,ajacklinc1@bigcartel.com
435,Masha,Chattey,mchatteyc2@bravesites.com
436,Sven,Preedy,spreedyc3@so-net.ne.jp
437,Lorilee,Parsonage,lparsonagec4@instagram.com
438,Nicole,Bonwick,nbonwickc5@mozilla.com
439,Vasili,Lunny,vlunnyc6@yahoo.co.jp
440,Morse,Paulon,mpaulonc7@cbslocal.com
441,Ramonda,Covelle,rcovellec8@liveinternet.ru
442,Hettie,Dwelly,hdwellyc9@skyrock.com
443,Mikaela,Kubatsch,mkubatschca@delicious.com
444,Elvyn,Mokes,emokescb@stumbleupon.com
445,Rainer,Baudet,rbaudetcc@freewebs.com
446,Berte,Siegertsz,bsiegertszcd@oaic.gov.au
447,Cirillo,Harmson,charmsonce@t.co
448,Sibbie,McOwen,smcowencf@barnesandnoble.com
449,Devonna,Josipovic,djosipoviccg@wufoo.com
450,Bobbe,Retchless,bretchlessch@woothemes.com
451,Alyda,Cockland,acocklandci@usa.gov
452,Marcie,Dinsell,mdinsellcj@bloglines.com
453,Katleen,Smeeth,ksmeethck@wsj.com
454,Adelheid,Gregorace,agregoracecl@posterous.com
455,Esdras,Beel,ebeelcm@umn.edu
456,Cherida,Bugge,cbuggecn@drupal.org
457,Valeria,Campany,vcampanyco@hostgator.com
458,Udell,Mullally,umullallycp@wunderground.com
459,Godard,Millsom,gmillsomcq@hhs.gov
460,Renaldo,Pettis,rpettiscr@hp.com
461,Lurleen,Fairbourne,lfairbournecs@netlog.com
462,Tana,Devall,tdevallct@wordpress.org
463,Ileana,Dwyr,idwyrcu@usda.gov
464,Caria,Demaine,cdemainecv@omniture.com
465,Dana,Fallawe,dfallawecw@multiply.com
466,Babita,Livett,blivettcx@joomla.org
467,Tallou,Shitliffe,tshitliffecy@businesswire.com
468,Danya,Busswell,dbusswellcz@si.edu
469,Pernell,Vickerstaff,pvickerstaffd0@sfgate.com
470,Dodi,Coch,dcochd1@multiply.com
471,Heddi,Heffron,hheffrond2@bloomberg.com
472,Gilligan,Matyashev,gmatyashevd3@vkontakte.ru
473,Brittney,Ingolotti,bingolottid4@msn.com
474,Gloriana,Etherson,gethersond5@xinhuanet.com
475,Else,Yukhnev,eyukhnevd6@washingtonpost.com
476,Mavra,Gouly,mgoulyd7@purevolume.com
477,Lilly,Eggleston,legglestond8@blog.com
478,Petronilla,Gadman,pgadmand9@youku.com
479,Onfroi,Shark,osharkda@prlog.org
480,Perren,Whittington,pwhittingtondb@smh.com.au
481,Isabel,Lessmare,ilessmaredc@springer.com
482,Geralda,Vasenkov,gvasenkovdd@cargocollective.com
483,Essa,Spybey,espybeyde@sfgate.com
484,John,Braiden,jbraidendf@dion.ne.jp
485,Nelle,Cunnane,ncunnanedg@va.gov
486,Trstram,Oldknow,toldknowdh@storify.com
487,Penn,Dunsire,pdunsiredi@kickstarter.com
488,Veronique,Petriello,vpetriellodj@simplemachines.org
489,Norina,Storrock,nstorrockdk@imgur.com
490,Caryl,De Michetti,cdemichettidl@theguardian.com
491,Charin,Lesly,cleslydm@gizmodo.com
492,Gladys,Woan,gwoandn@usda.gov
493,Glenden,Oiseau,goiseaudo@ovh.net
494,Sigismundo,Hugonnet,shugonnetdp@shutterfly.com
495,Maximo,Gason,mgasondq@springer.com
496,Ailsun,Ravenshear,aravensheardr@examiner.com
497,Viviana,Kitchenman,vkitchenmands@bravesites.com
498,Bucky,Rubertelli,brubertellidt@w3.org
499,Sutherlan,Posthill,sposthilldu@walmart.com
500,Burr,Gallemore,bgallemoredv@google.ru
501,Clarence,Crosse,ccrossedw@statcounter.com
502,Olvan,Rasper,orasperdx@answers.com
503,Francisca,Holehouse,fholehousedy@marketwatch.com
504,Mickie,Sibbering,msibberingdz@webnode.com
505,Fitz,Borgesio,fborgesioe0@wunderground.com
506,Morris,Castagne,mcastagnee1@opera.com
507,Beatriz,Comiam,bcomiame2@ihg.com
508,Jeffie,Brimilcombe,jbrimilcombee3@google.ru
509,Ammamaria,Checkley,acheckleye4@fastcompany.com
510,Lib,Ralphs,lralphse5@globo.com
511,Gabriel,Brea,gbreae6@pcworld.com
512,Malachi,Robeson,mrobesone7@rambler.ru
513,Henriette,Stokes,hstokese8@gizmodo.com
514,Woodman,Tapply,wtapplye9@fema.gov
515,Allan,Kohring,akohringea@google.de
516,Cathrin,Billingsley,cbillingsleyeb@networkadvertising.org
517,Sanders,Longford,slongfordec@guardian.co.uk
518,Pen,Dobbins,pdobbinsed@vistaprint.com
519,Kellby,Bradbrook,kbradbrookee@ft.com
520,Channa,Guilloneau,cguilloneauef@un.org
521,Nyssa,Aggs,naggseg@buzzfeed.com
522,Maisie,Blodgett,mblodgetteh@ft.com
523,Clarinda,Jiricka,cjirickaei@sakura.ne.jp
524,Bartlet,Allmann,ballmannej@buzzfeed.com
525,Stan,Elliker,sellikerek@macromedia.com
526,Bibby,Kalinovich,bkalinovichel@simplemachines.org
527,Chip,Eyckelberg,ceyckelbergem@rakuten.co.jp
528,Danella,Craik,dcraiken@rakuten.co.jp
529,Bank,Batalini,bbatalinieo@list-manage.com
530,Urbain,McAlroy,umcalroyep@va.gov
531,Rodolphe,Allewell,rallewelleq@nasa.gov
532,Mata,Egginson,megginsoner@ox.ac.uk
533,Shae,Reggler,sreggleres@vk.com
534,Vilma,Greeding,vgreedinget@apache.org
535,Viv,Rodden,vroddeneu@amazonaws.com
536,Christie,Wollrauch,cwollrauchev@1688.com
537,Charley,McIlvaney,cmcilvaneyew@mac.com
538,Hillary,Town,htownex@t.co
539,Danie,Duffet,dduffetey@free.fr
540,Blane,O'Dyvoy,bodyvoyez@squidoo.com
541,Erny,Bockmaster,ebockmasterf0@unicef.org
542,Bette-ann,Brenneke,bbrennekef1@wufoo.com
543,Shell,Penton,spentonf2@census.gov
544,Vasily,Norrington,vnorringtonf3@webeden.co.uk
545,Saunderson,Groucock,sgroucockf4@unicef.org
546,Vaclav,Seeman,vseemanf5@bloglines.com
547,Gill,Wharrier,gwharrierf6@state.gov
548,Brittany,MacAne,bmacanef7@craigslist.org
549,Chanda,Quigg,cquiggf8@cmu.edu
550,Pattie,Vickery,pvickeryf9@weebly.com
551,Gilly,Straine,gstrainefa@patch.com
552,Lilyan,Yakebovich,lyakebovichfb@soup.io
553,Kamillah,Schlagh,kschlaghfc@dion.ne.jp
554,Carlo,Hilling,chillingfd@plala.or.jp
555,Minny,Durnian,mdurnianfe@wordpress.com
556,Verene,Going,vgoingff@vinaora.com
557,Robbyn,Legonidec,rlegonidecfg@time.com
558,Lana,Blacksland,lblackslandfh@sphinn.com
559,Wyatt,Pallister,wpallisterfi@washington.edu
560,Vasily,Laval,vlavalfj@marriott.com
561,Beau,Rudge,brudgefk@homestead.com
562,Jacques,Linggard,jlinggardfl@bbb.org
563,Karmen,Baughn,kbaughnfm@stumbleupon.com
564,Freda,Strickler,fstricklerfn@mysql.com
565,Lennard,Penritt,lpenrittfo@yelp.com
566,Frederick,Cripin,fcripinfp@google.es
567,Stevie,Vauls,svaulsfq@indiatimes.com
568,Marty,Kainz,mkainzfr@unblog.fr
569,Shayna,Renison,srenisonfs@state.tx.us
570,Meagan,Paten,mpatenft@ucsd.edu
571,Ax,Neads,aneadsfu@amazon.de
572,Marget,Barz,mbarzfv@liveinternet.ru
573,Fanchon,Anstee,fansteefw@slashdot.org
574,Benedicta,Klezmski,bklezmskifx@over-blog.com
575,Creighton,Whiscard,cwhiscardfy@irs.gov
576,Vallie,Slowey,vsloweyfz@cdbaby.com
577,Dick,Benn,dbenng0@ezinearticles.com
578,Lennard,Beange,lbeangeg1@bluehost.com
579,Turner,Wissby,twissbyg2@cafepress.com
580,Kristos,Piddocke,kpiddockeg3@biglobe.ne.jp
581,Niven,Gregolotti,ngregolottig4@vkontakte.ru
582,Bobinette,Pilsworth,bpilsworthg5@theguardian.com
583,Hunfredo,Rydings,hrydingsg6@acquirethisname.com
584,Kassey,Bramble,kbrambleg7@ovh.net
585,Shoshanna,Cumine,scumineg8@gmpg.org
586,Rem,Swallow,rswallowg9@ihg.com
587,Mireille,Dixon,mdixonga@bizjournals.com
588,Shina,Pescott,spescottgb@dagondesign.com
589,Mariette,Bosden,mbosdengc@google.fr
590,Whitney,Nys,wnysgd@nps.gov
591,Tansy,Beglin,tbeglinge@dion.ne.jp
592,Jordan,MacGilfoyle,jmacgilfoylegf@nps.gov
593,Lind,Grute,lgrutegg@nih.gov
594,Christabella,Crayker,ccraykergh@timesonline.co.uk
595,Aluino,Leale,alealegi@e-recht24.de
596,Didi,Areles,darelesgj@dyndns.org
597,Ancell,Gyorgy,agyorgygk@g.co
598,Aurlie,Serchwell,aserchwellgl@imdb.com
599,Susann,Ander,sandergm@fc2.com
600,Kyle,Nacci,knaccign@rakuten.co.jp
601,Bourke,Gillogley,bgillogleygo@networksolutions.com
602,John,Greatrex,jgreatrexgp@forbes.com
603,Irving,Carlens,icarlensgq@imdb.com
604,Gweneth,Swansborough,gswansboroughgr@storify.com
605,Jefferson,Yeoman,jyeomangs@usnews.com
606,Cobb,Persicke,cpersickegt@cloudflare.com
607,Dene,Beel,dbeelgu@columbia.edu
608,Fraze,McCalister,fmccalistergv@unc.edu
609,Wainwright,Mawdsley,wmawdsleygw@e-recht24.de
610,Corrinne,Riby,cribygx@princeton.edu
611,Patsy,McLernon,pmclernongy@barnesandnoble.com
612,Erl,Aizlewood,eaizlewoodgz@youtu.be
613,Carole,Reddel,creddelh0@ibm.com
614,Merla,Rossant,mrossanth1@163.com
615,Zara,Cosley,zcosleyh2@typepad.com
616,Tabb,Sartain,tsartainh3@odnoklassniki.ru
617,Frankie,Dockwra,fdockwrah4@fotki.com
618,Dotti,Coats,dcoatsh5@disqus.com
619,Milt,Dowbiggin,mdowbigginh6@last.fm
620,Rebeka,Behan,rbehanh7@wufoo.com
621,Cybil,Pauer,cpauerh8@freewebs.com
622,Valida,Scopyn,vscopynh9@mediafire.com
623,Yehudi,Cossington,ycossingtonha@usgs.gov
624,Ada,Vearnals,avearnalshb@scribd.com
625,Herman,Mattingson,hmattingsonhc@sina.com.cn
626,Barnaby,Bjerkan,bbjerkanhd@mac.com
627,Audrye,Robberts,arobbertshe@chron.com
628,Kit,Sellwood,ksellwoodhf@jugem.jp
629,Janaya,McCobb,jmccobbhg@apple.com
630,Mason,Oguz,moguzhh@soup.io
631,Muriel,Brattan,mbrattanhi@ebay.co.uk
632,Cammi,Sandwick,csandwickhj@usatoday.com
633,Honor,Rubinchik,hrubinchikhk@oakley.com
634,Symon,Peyro,speyrohl@elegantthemes.com
635,Ellwood,Peiser,epeiserhm@ameblo.jp
636,Cesaro,Hallex,challexhn@ucoz.ru
637,Loree,Symper,lsymperho@comsenz.com
638,Rich,MacCafferky,rmaccafferkyhp@nifty.com
639,Smitty,Menat,smenathq@themeforest.net
640,Milt,O'Moylan,momoylanhr@artisteer.com
641,Marys,Borgne,mborgnehs@wix.com
642,Madeline,Keelinge,mkeelingeht@blog.com
643,Ethel,Littledyke,elittledykehu@bing.com
644,Derek,Dryburgh,ddryburghhv@shop-pro.jp
645,Rudyard,Rockwill,rrockwillhw@geocities.com
646,Cam,Bolger,cbolgerhx@msu.edu
647,Aile,Delooze,adeloozehy@feedburner.com
648,Neel,Jumont,njumonthz@networkadvertising.org
649,Karol,Ordidge,kordidgei0@tripod.com
650,Aron,Edmands,aedmandsi1@miibeian.gov.cn
651,Amye,Normabell,anormabelli2@smugmug.com
652,Kania,Mattsson,kmattssoni3@ft.com
653,Humbert,Boxhall,hboxhalli4@yellowbook.com
654,Bentlee,Lamba,blambai5@com.com
655,Adelind,Crosser,acrosseri6@biblegateway.com
656,Evangelina,Blunsden,eblunsdeni7@uiuc.edu
657,Jewell,Scane,jscanei8@mozilla.org
658,Alejoa,Suttling,asuttlingi9@yolasite.com
659,Marthena,Evershed,mevershedia@myspace.com
660,Reynard,Petry,rpetryib@meetup.com
661,Cullan,Sillett,csillettic@hostgator.com
662,Aloysius,Spencley,aspencleyid@nationalgeographic.com
663,Myrlene,Attrey,mattreyie@ox.ac.uk
664,Doralin,Element,delementif@ft.com
665,Dodie,McLaughlin,dmclaughlinig@e-recht24.de
666,Dahlia,Krzysztof,dkrzysztofih@bigcartel.com
667,Myca,Scryne,mscryneii@i2i.jp
668,Tammy,McGillreich,tmcgillreichij@census.gov
669,Jenny,Salliss,jsallissik@archive.org
670,Filia,Gruszecki,fgruszeckiil@nytimes.com
671,Page,Iacobo,piacoboim@va.gov
672,Wynnie,Wotherspoon,wwotherspoonin@about.me
673,Kailey,Huguenet,khuguenetio@trellian.com
674,Nikoletta,Proske,nproskeip@bloglovin.com
675,Morley,Graalman,mgraalmaniq@kickstarter.com
676,Michaella,Chatband,mchatbandir@symantec.com
677,Sonnie,McLese,smcleseis@reddit.com
678,Mayor,Pole,mpoleit@howstuffworks.com
679,Lucina,Simonot,lsimonotiu@forbes.com
680,Dougy,Mellanby,dmellanbyiv@icq.com
681,Olivia,Baude,obaudeiw@bing.com
682,Jaclin,Gauthorpp,jgauthorppix@ucoz.ru
683,Nev,Balbeck,nbalbeckiy@ocn.ne.jp
684,Bobbe,Pickerin,bpickeriniz@cloudflare.com
685,Amalee,Wraight,awraightj0@examiner.com
686,Farand,Iglesias,figlesiasj1@skype.com
687,Galven,Coventon,gcoventonj2@pcworld.com
688,Rasia,Reily,rreilyj3@de.vu
689,Lexine,Kensitt,lkensittj4@edublogs.org
690,Rodger,Tebbet,rtebbetj5@umn.edu
691,Antonio,Gaiger,agaigerj6@wikimedia.org
692,Jamison,Rawll,jrawllj7@scientificamerican.com
693,Nedda,Rymer,nrymerj8@mtv.com
694,Moreen,Tolossi,mtolossij9@sogou.com
695,Wallis,Masse,wmasseja@google.co.jp
696,Sophey,Borsay,sborsayjb@slideshare.net
697,Ivor,Heelis,iheelisjc@shinystat.com
698,Faydra,Ricioppo,fricioppojd@digg.com
699,Pavel,Loughney,ploughneyje@prnewswire.com
700,Sybyl,Huckfield,shuckfieldjf@google.ru
701,Baird,Brownsett,bbrownsettjg@1688.com
702,Clyde,Chard,cchardjh@i2i.jp
703,Winnah,Bartczak,wbartczakji@indiatimes.com
704,Dusty,Tant,dtantjj@cyberchimps.com
705,Turner,Fantham,tfanthamjk@webnode.com
706,Loy,Kilfedder,lkilfedderjl@themeforest.net
707,Keelia,Smullen,ksmullenjm@fastcompany.com
708,Peder,Forrington,pforringtonjn@umich.edu
709,Dalton,Glendinning,dglendinningjo@youtu.be
710,Giavani,Heinsh,gheinshjp@homestead.com
711,Benjamen,Findley,bfindleyjq@clickbank.net
712,Patti,Sheards,psheardsjr@yahoo.com
713,Teddi,Creedland,tcreedlandjs@usa.gov
714,Eugenio,Fishwick,efishwickjt@biblegateway.com
715,Rudolfo,Lotwich,rlotwichju@eepurl.com
716,Yettie,Felton,yfeltonjv@joomla.org
717,Kincaid,Sarfass,ksarfassjw@prlog.org
718,Gisella,Lordon,glordonjx@gravatar.com
719,Clementine,Ireland,cirelandjy@mail.ru
720,Garfield,Allanson,gallansonjz@homestead.com
721,Mateo,Doppler,mdopplerk0@amazon.de
722,Welby,Raymond,wraymondk1@yelp.com
723,Faun,Blower,fblowerk2@wordpress.com
724,Homer,Haulkham,hhaulkhamk3@apache.org
725,Hunt,Casse,hcassek4@google.pl
726,Chrissy,Carver,ccarverk5@gmpg.org
727,Tish,Libbie,tlibbiek6@ehow.com
728,Frankie,Pym,fpymk7@alexa.com
729,Trevar,Kirsch,tkirschk8@altervista.org
730,Tucker,Crummey,tcrummeyk9@ehow.com
731,Allin,Pendergrast,apendergrastka@indiatimes.com
732,Fleming,Mournian,fmourniankb@irs.gov
733,Nessy,Stollard,nstollardkc@t-online.de
734,Donia,Daybell,ddaybellkd@homestead.com
735,Brandy,Netherwood,bnetherwoodke@alexa.com
736,Emmery,Bedburrow,ebedburrowkf@mit.edu
737,Wyn,Ivers,wiverskg@telegraph.co.uk
738,Kenton,Brockwell,kbrockwellkh@nymag.com
739,Sharron,Telega,stelegaki@goodreads.com
740,Ephrem,Heaton,eheatonkj@1und1.de
741,Maud,Gerardeaux,mgerardeauxkk@tmall.com
742,Natalya,Agar,nagarkl@ask.com
743,Kristen,Wheeler,kwheelerkm@tumblr.com
744,Elie,Lowdes,elowdeskn@slideshare.net
745,Jacenta,Savatier,jsavatierko@netlog.com
746,Daffie,Fone,dfonekp@google.es
747,Cecile,Ellerker,cellerkerkq@cmu.edu
748,Dionisio,Siebart,dsiebartkr@sourceforge.net
749,Barbie,Nulty,bnultyks@weebly.com
750,Artemis,Micklem,amicklemkt@deliciousdays.com
751,Aldrich,Cheng,achengku@issuu.com
752,Halli,Cicchitello,hcicchitellokv@shinystat.com
753,Marlie,Woolvin,mwoolvinkw@so-net.ne.jp
754,Zechariah,Ding,zdingkx@yandex.ru
755,Justis,Jillett,jjillettky@prlog.org
756,Jourdan,Geistmann,jgeistmannkz@trellian.com
757,Raf,Rappoport,rrappoportl0@twitpic.com
758,Sigismundo,Cure,scurel1@bravesites.com
759,Ferdie,Sothcott,fsothcottl2@theglobeandmail.com
760,Kala,MacGuffog,kmacguffogl3@altervista.org
761,Robyn,Terram,rterraml4@engadget.com
762,Alard,Hunnicot,ahunnicotl5@4shared.com
763,Mackenzie,Grayson,mgraysonl6@chron.com
764,Josefa,Shorthouse,jshorthousel7@dropbox.com
765,Michale,Leppingwell,mleppingwelll8@tamu.edu
766,Tess,Iskower,tiskowerl9@youku.com
767,Reina,Sines,rsinesla@arstechnica.com
768,Stephan,Pirnie,spirnielb@vistaprint.com
769,Denney,Daulby,ddaulbylc@issuu.com
770,Bendix,Millier,bmillierld@about.com
771,Candide,Hoff,choffle@samsung.com
772,Teresita,Miguel,tmiguellf@wordpress.org
773,Phillip,Eisak,peisaklg@hatena.ne.jp
774,Vito,Lodevick,vlodevicklh@ehow.com
775,Cloris,Farquarson,cfarquarsonli@vistaprint.com
776,Georgeanna,Elbourn,gelbournlj@earthlink.net
777,Falkner,Parkyn,fparkynlk@vinaora.com
778,Merry,Mirfield,mmirfieldll@tripadvisor.com
779,Clair,Plomer,cplomerlm@baidu.com
780,Westley,Banasevich,wbanasevichln@elpais.com
781,Forrester,Linnitt,flinnittlo@answers.com
782,Adele,Scoular,ascoularlp@linkedin.com
783,Aland,Burhouse,aburhouselq@wordpress.com
784,Kellia,Lennie,klennielr@state.tx.us
785,Gloria,Moodycliffe,gmoodycliffels@feedburner.com
786,Ingmar,Mealing,imealinglt@paypal.com
787,Basilius,Marven,bmarvenlu@huffingtonpost.com
788,Carlyn,MacScherie,cmacscherielv@usa.gov
789,Karlyn,Mounch,kmounchlw@nifty.com
790,Melisse,MacAne,mmacanelx@sogou.com
791,Glad,Gietz,ggietzly@goo.gl
792,Casey,Node,cnodelz@istockphoto.com
793,Celene,Trewhela,ctrewhelam0@google.nl
794,Dun,Hitchens,dhitchensm1@twitpic.com
795,Fidelia,Harnett,fharnettm2@bandcamp.com
796,Barr,Sandeson,bsandesonm3@creativecommons.org
797,Thornie,Duckels,tduckelsm4@archive.org
798,Nan,Graddell,ngraddellm5@example.com
799,Idalina,Bockman,ibockmanm6@flickr.com
800,Mallory,Meller,mmellerm7@amazon.com
801,Adriana,Inder,ainderm8@latimes.com
802,Amargo,Healey,ahealeym9@sphinn.com
803,Elle,Lightwood,elightwoodma@ucoz.ru
804,Gilda,Urling,gurlingmb@phoca.cz
805,Rebekah,Beggan,rbegganmc@infoseek.co.jp
806,Hedy,Murdy,hmurdymd@theguardian.com
807,Rochester,Hutson,rhutsonme@icq.com
808,Torr,Klemke,tklemkemf@army.mil
809,Dominica,Tunnah,dtunnahmg@github.io
810,Normy,Albone,nalbonemh@arizona.edu
811,Dulcinea,Dunniom,ddunniommi@deviantart.com
812,Emmery,Andersch,eanderschmj@github.com
813,Jaquelin,Hunston,jhunstonmk@oakley.com
814,Devi,Kelner,dkelnerml@utexas.edu
815,Missie,Mattersey,mmatterseymm@cdc.gov
816,Sonni,Sherbourne,ssherbournemn@mapquest.com
817,Evangelia,Nielson,enielsonmo@yellowbook.com
818,Glynn,M'Barron,gmbarronmp@blogs.com
819,Kin,Lieb,kliebmq@cam.ac.uk
820,Francklyn,De Roeck,fderoeckmr@sogou.com
821,Peg,Luparti,plupartims@businesswire.com
822,Munroe,Darwen,mdarwenmt@telegraph.co.uk
823,Ingemar,Davidovici,idavidovicimu@feedburner.com
824,Simona,Acome,sacomemv@purevolume.com
825,Sibbie,Egerton,segertonmw@blogs.com
826,Diego,Arnholz,darnholzmx@oracle.com
827,Giraldo,Chittenden,gchittendenmy@chronoengine.com
828,Onfre,Boice,oboicemz@marriott.com
829,Edan,Lynds,elyndsn0@paypal.com
830,Timmie,Pirie,tpirien1@opensource.org
831,Ruthann,Roocroft,rroocroftn2@java.com
832,Zsazsa,Sineath,zsineathn3@columbia.edu
833,Reeta,Bendix,rbendixn4@newyorker.com
834,Hyman,Ville,hvillen5@theguardian.com
835,Jennie,Dudman,jdudmann6@alexa.com
836,Britney,Curedale,bcuredalen7@aol.com
837,Linnea,Duling,ldulingn8@google.com
838,Jule,Loidl,jloidln9@ovh.net
839,Masha,Sclater,msclaterna@chronoengine.com
840,Gerick,Jery,gjerynb@e-recht24.de
841,Lucky,Meyrick,lmeyricknc@sfgate.com
842,Rosalyn,Boobier,rboobiernd@webmd.com
843,Rafaelia,Gillyatt,rgillyattne@oaic.gov.au
844,Verile,Scargle,vscarglenf@cbc.ca
845,Marcia,Trevaskiss,mtrevaskissng@geocities.jp
846,Gabbi,Swadling,gswadlingnh@ask.com
847,Dudley,Handling,dhandlingni@sciencedirect.com
848,Alfreda,Spritt,asprittnj@examiner.com
849,Flossi,McVey,fmcveynk@newyorker.com
850,Kippie,Boatright,kboatrightnl@cisco.com
851,Timothea,Ceillier,tceilliernm@feedburner.com
852,Selena,Newnham,snewnhamnn@ovh.net
853,Brantley,Joisce,bjoisceno@123-reg.co.uk
854,Neilla,O'Caine,nocainenp@ftc.gov
855,Monty,St Quenin,mstqueninnq@house.gov
856,Carmina,Gradly,cgradlynr@exblog.jp
857,Vaughan,Kinkead,vkinkeadns@rambler.ru
858,Forester,Waldocke,fwaldockent@oaic.gov.au
859,Eliot,Catterick,ecattericknu@thetimes.co.uk
860,Kirsti,Couroy,kcouroynv@xing.com
861,Amaleta,Kitt,akittnw@bbc.co.uk
862,Alis,Thorndycraft,athorndycraftnx@ihg.com
863,Rice,Itzhak,ritzhakny@google.com.hk
864,Madge,Androletti,mandrolettinz@livejournal.com
865,Andrea,Satcher,asatchero0@nydailynews.com
866,Jenilee,Tomaszkiewicz,jtomaszkiewiczo1@chron.com
867,Lizette,Ibbitt,libbitto2@salon.com
868,Michaelina,Calvert,mcalverto3@nytimes.com
869,Simmonds,Gotthard.sf,sgotthardsfo4@mapy.cz
870,Alyce,Hammersley,ahammersleyo5@wp.com
871,Lelah,Quakley,lquakleyo6@mozilla.com
872,Lolita,Aulsford,laulsfordo7@moonfruit.com
873,Nobie,Laetham,nlaethamo8@about.me
874,Gertrudis,Borzoni,gborzonio9@europa.eu
875,Christian,Lidington,clidingtonoa@prweb.com
876,Tiertza,Mackneis,tmackneisob@toplist.cz
877,Grazia,Farlow,gfarlowoc@microsoft.com
878,Nananne,Jaye,njayeod@usda.gov
879,Vincents,Huggin,vhugginoe@geocities.com
880,Katrina,Lerer,klererof@issuu.com
881,Jeana,Crilley,jcrilleyog@bing.com
882,Marline,Sandle,msandleoh@list-manage.com
883,Lian,Hearsey,lhearseyoi@example.com
884,Franky,Woodstock,fwoodstockoj@state.tx.us
885,Alva,Lifton,aliftonok@wikipedia.org
886,Corinne,Sibbald,csibbaldol@youku.com
887,Joela,Pargent,jpargentom@t.co
888,Rosemary,Buxam,rbuxamon@nasa.gov
889,Shane,le Keux,slekeuxoo@ustream.tv
890,Reinhard,Itzkovici,ritzkoviciop@telegraph.co.uk
891,Quent,Boler,qboleroq@wisc.edu
892,Jobi,Grafom,jgrafomor@sciencedirect.com
893,Jervis,Callicott,jcallicottos@vkontakte.ru
894,Jaquith,De Mico,jdemicoot@wordpress.com
895,Lydon,Hardinge,lhardingeou@pen.io
896,Hans,Waind,hwaindov@geocities.com
897,Nathanil,Matysiak,nmatysiakow@salon.com
898,Javier,Sporle,jsporleox@tuttocitta.it
899,Dani,Kopje,dkopjeoy@latimes.com
900,Roana,Chipperfield,rchipperfieldoz@cyberchimps.com
901,Lucias,Smallpeice,lsmallpeicep0@bloglines.com
902,Ric,Milington,rmilingtonp1@de.vu
903,Beverly,Levey,bleveyp2@ebay.com
904,Con,Truswell,ctruswellp3@canalblog.com
905,Gwenette,Pescod,gpescodp4@wikispaces.com
906,Rosetta,Quarry,rquarryp5@simplemachines.org
907,Fran,Keming,fkemingp6@upenn.edu
908,Barbra,Yukhin,byukhinp7@accuweather.com
909,Trenna,Heinsen,theinsenp8@constantcontact.com
910,Klement,Figures,kfiguresp9@miitbeian.gov.cn
911,Jamesy,Coy,jcoypa@sciencedaily.com
912,Emilee,Doran,edoranpb@deliciousdays.com
913,Gerhardine,Matskevich,gmatskevichpc@ovh.net
914,Sheppard,Cruces,scrucespd@utexas.edu
915,Melamie,Gibbons,mgibbonspe@soundcloud.com
916,Rourke,Vertey,rverteypf@arstechnica.com
917,Phylys,Downing,pdowningpg@wordpress.com
918,Winni,Canby,wcanbyph@arizona.edu
919,Laure,Brandes,lbrandespi@ox.ac.uk
920,Marcela,Frotton,mfrottonpj@a8.net
921,Kennett,Mohan,kmohanpk@etsy.com
922,Matthus,Brewett,mbrewettpl@facebook.com
923,Rebe,Elsie,relsiepm@gizmodo.com
924,Lucila,Baudouin,lbaudouinpn@accuweather.com
925,Avictor,Kemme,akemmepo@chron.com
926,Burt,Camsey,bcamseypp@newsvine.com
927,Brynne,Jelly,bjellypq@huffingtonpost.com
928,Jess,Hartnell,jhartnellpr@wikispaces.com
929,Dosi,Soaper,dsoaperps@diigo.com
930,Kalil,Blackmoor,kblackmoorpt@canalblog.com
931,Aurie,D'Andrea,adandreapu@washington.edu
932,Yoshi,Aronstam,yaronstampv@instagram.com
933,Bat,Petticrow,bpetticrowpw@vinaora.com
934,Hector,Soppeth,hsoppethpx@free.fr
935,Sheila,Gwilym,sgwilympy@naver.com
936,Franciska,Lobb,flobbpz@newsvine.com
937,Mady,Montilla,mmontillaq0@icio.us
938,Rasla,Kendrew,rkendrewq1@oracle.com
939,Joane,Wheeler,jwheelerq2@webeden.co.uk
940,Keely,Cullingford,kcullingfordq3@amazon.co.uk
941,Andree,Lief,aliefq4@bandcamp.com
942,Tybalt,Tieman,ttiemanq5@angelfire.com
943,Sydney,Cowing,scowingq6@tamu.edu
944,Tom,Corro,tcorroq7@pagesperso-orange.fr
945,Gris,Volante,gvolanteq8@angelfire.com
946,Diandra,Bassford,dbassfordq9@jimdo.com
947,Pauli,Gallon,pgallonqa@usda.gov
948,Stefa,Bewfield,sbewfieldqb@walmart.com
949,Lion,Blandford,lblandfordqc@goo.gl
950,Gabriela,Rainey,graineyqd@columbia.edu
951,Bee,Pile,bpileqe@japanpost.jp
952,Marchall,Delepine,mdelepineqf@mac.com
953,Tod,Claiton,tclaitonqg@cdbaby.com
954,Gifford,Goldby,ggoldbyqh@cdbaby.com
955,Jilleen,Shinton,jshintonqi@linkedin.com
956,Hubie,Doxey,hdoxeyqj@army.mil
957,Hugues,Tandey,htandeyqk@amazon.com
958,Renate,Santoro,rsantoroql@hhs.gov
959,Adena,Gosden,agosdenqm@stanford.edu
960,Bridgette,Dicte,bdicteqn@rediff.com
961,Mellisa,Hysom,mhysomqo@nasa.gov
962,Antonie,Curdell,acurdellqp@whitehouse.gov
963,Alejoa,Sudlow,asudlowqq@myspace.com
964,Haskel,Greeno,hgreenoqr@ted.com
965,Den,Olcot,dolcotqs@odnoklassniki.ru
966,Ciro,O'Carran,cocarranqt@freewebs.com
967,Boyd,McMackin,bmcmackinqu@mac.com
968,Park,Peller,ppellerqv@t-online.de
969,Ruy,Maunder,rmaunderqw@purevolume.com
970,Daniella,Rushford,drushfordqx@berkeley.edu
971,Gal,Keunemann,gkeunemannqy@ucoz.ru
972,Shaina,Ilsley,silsleyqz@mozilla.com
973,Sebastian,felip,sfelipr0@nsw.gov.au
974,Monty,Bacup,mbacupr1@amazon.co.uk
975,Bart,Covotto,bcovottor2@reuters.com
976,Phebe,Ledington,pledingtonr3@jalbum.net
977,Joya,Quirk,jquirkr4@apache.org
978,Den,Perton,dpertonr5@netscape.com
979,Timmi,Fellos,tfellosr6@topsy.com
980,Lauraine,Kleanthous,lkleanthousr7@elpais.com
981,Matias,Turfrey,mturfreyr8@t-online.de
982,Lacey,Dunbobin,ldunbobinr9@chicagotribune.com
983,Dayle,Schenfisch,dschenfischra@drupal.org
984,Murdock,Lambeth,mlambethrb@domainmarket.com
985,Harrie,Verbruggen,hverbruggenrc@springer.com
986,Tanya,Gilsthorpe,tgilsthorperd@meetup.com
987,Buddie,Marusyak,bmarusyakre@about.com
988,Valera,Risen,vrisenrf@yellowbook.com
989,Gabbey,O'Hdirscoll,gohdirscollrg@guardian.co.uk
990,Samuele,Aggas,saggasrh@spotify.com
991,Renie,Bernadot,rbernadotri@cmu.edu
992,Marshall,Elcox,melcoxrj@t.co
993,Padraic,MacGruer,pmacgruerrk@purevolume.com
994,Waylan,Cheshir,wcheshirrl@unblog.fr
995,Marina,Jeary,mjearyrm@google.com.hk
996,Bertram,Novkovic,bnovkovicrn@myspace.com
997,Granger,Chaloner,gchalonerro@devhub.com
998,Darla,Royall,droyallrp@bizjournals.com
999,Gerek,Ferguson,gfergusonrq@harvard.edu
1000,Hedvige,Klulicek,hklulicekrr@desdev.cn
